{"cameraMode":{"drawMode":0,"name":"Shaded","section":"Shading Mode"},"sceneLighting":true,"audioPlay":false,"sceneViewState":{"showFog":true,"showMaterialUpdate":false,"showSkybox":true,"showFlares":true,"showImageEffects":true,"showParticleSystems":true},"in2DMode":false,"pivot":{"x":-14.290000915527344,"y":1.6299999952316285,"z":73.27999877929688},"rotation":{"x":0.14634394645690919,"y":-0.33214011788368227,"z":0.052187785506248477,"w":0.9303759932518005},"size":6.0274810791015629,"orthographic":false}